id,county,classify,project_type,zbkzj,k1,k2,kbjj,publish_time,source_website_address,numbers_bidders,trade_method,stage,industy,下浮率
ah-huainan-00ee95ae-0e87-4c88-8536-bd69a6fef380-1KB,,工程建设,1,13987254.03,0.45,0.98,12998355.17,25/6/2023 00:00:00,http://jy.ggj.huainan.gov.cn/jyxx/012001/012001012/012001012002/20230625/00ee95ae-0e87-4c88-8536-bd69a6fef380-1KB.html,196,公开招标,,市政,7.069999999999993
ah-huainan-054724c2-af66-4a94-983b-ee0224c61d92-1KB,寿县,工程建设,0,5728467.9,0.6,0.96,5289094.41,28/3/2023 00:00:00,http://jy.ggj.huainan.gov.cn/jyxx/012001/012001012/012001012002/20230328/054724c2-af66-4a94-983b-ee0224c61d92-1KB.html,150,公开招标,,公路,7.670000000000002
ah-huainan-0a5473bd-a81d-44c6-b50a-4ab3d7b331e1-1KB,寿县,工程建设,0,2507261.14,0.45,0.92,2194856.41,30/3/2023 00:00:00,http://jy.ggj.huainan.gov.cn/jyxx/012001/012001012/012001012002/20230330/0a5473bd-a81d-44c6-b50a-4ab3d7b331e1-1KB.html,142,公开招标,,公路,12.459999999999994
ah-huainan-0adb771b-95fb-4bc6-a8c5-65582ac717b8-1KB,寿县,工程建设,0,4152156.44,0.4,0.92,3630894.72,31/3/2023 00:00:00,http://jy.ggj.huainan.gov.cn/jyxx/012001/012001012/012001012002/20230331/0adb771b-95fb-4bc6-a8c5-65582ac717b8-1KB.html,153,公开招标,,公路,12.549999999999997
ah-huainan-0db33b10-acc5-4864-a346-fc1681a76826-1KB,寿县,工程建设,1,12342284.4,0.5,0.96,11322811.71,8/12/2022 00:00:00,http://jy.ggj.huainan.gov.cn/jyxx/012001/012001012/012001012002/20221208/0db33b10-acc5-4864-a346-fc1681a76826-1KB.html,130,公开招标,,市政,8.260000000000005
ah-huainan-1c9c5b1f-52c2-49dd-b11b-2cd215efa92e-1KB,寿县,工程建设,2,4330067.96,0.6,0.96,4000349.77,4/5/2023 00:00:00,http://jy.ggj.huainan.gov.cn/jyxx/012001/012001012/012001012002/20230504/1c9c5b1f-52c2-49dd-b11b-2cd215efa92e-1KB.html,74,公开招标,,建筑,7.609999999999999
ah-huainan-1dfc4f0d-5eb1-4d93-8fac-076d79eb04a0-1KB,寿县,工程建设,0,5727301.17,0.4,0.92,5001823.93,31/3/2023 00:00:00,http://jy.ggj.huainan.gov.cn/jyxx/012001/012001012/012001012002/20230331/1dfc4f0d-5eb1-4d93-8fac-076d79eb04a0-1KB.html,153,公开招标,,公路,12.670000000000002
ah-huainan-23269dac-4509-4c31-94c7-bfc90cb3ab7d-1KB,寿县,工程建设,3,8514527.04,0.6,0.94,7729913.37,3/11/2022 00:00:00,http://jy.ggj.huainan.gov.cn/jyxx/012001/012001012/012001012002/20221103/23269dac-4509-4c31-94c7-bfc90cb3ab7d-1KB.html,116,公开招标,,水利,9.219999999999999
ah-huainan-2781a7e9-368d-444f-909b-9ec2f817ffe9-1KB,寿县,工程建设,1,18381258.39,0.55,0.92,15993657.26,29/11/2022 00:00:00,http://jy.ggj.huainan.gov.cn/jyxx/012001/012001012/012001012002/20221129/2781a7e9-368d-444f-909b-9ec2f817ffe9-1KB.html,75,公开招标,,市政,12.989999999999995
ah-huainan-29f3fd2b-2a27-4489-bb94-c3948f2bbd89,寿县,工程建设,2,11916088.47,0.35,0.98,10967567.84,13/9/2021 00:00:00,http://jy.ggj.huainan.gov.cn/jyxx/012001/012001012/012001012002/20211104/29f3fd2b-2a27-4489-bb94-c3948f2bbd89.html,779,公开招标,,建筑,7.959999999999994
ah-huainan-33b67741-1bdd-4e1f-ba52-889877f11389-1KB,寿县,工程建设,1,4832203.41,0.5,0.92,4210637.09,17/1/2023 00:00:00,http://jy.ggj.huainan.gov.cn/jyxx/012001/012001012/012001012002/20230117/33b67741-1bdd-4e1f-ba52-889877f11389-1KB.html,151,公开招标,,市政,12.86
ah-huainan-3454fba4-e646-43a9-a2d9-b2cd1ec2bb4f-1KB,寿县,工程建设,2,5449815.22,0.4,0.98,5088492.47,9/6/2023 00:00:00,http://jy.ggj.huainan.gov.cn/jyxx/012001/012001012/012001012002/20230609/3454fba4-e646-43a9-a2d9-b2cd1ec2bb4f-1KB.html,175,公开招标,,建筑,6.6299999999999955
ah-huainan-3e898097-780e-4520-9d8a-7d94bc277152-1KB,寿县,工程建设,2,18945816.44,0.45,0.97,16983217.29,8/11/2022 00:00:00,http://jy.ggj.huainan.gov.cn/jyxx/012001/012001012/012001012002/20221108/3e898097-780e-4520-9d8a-7d94bc277152-1KB.html,107,公开招标,,建筑,10.36
ah-huainan-491d5d5a-5cb8-47fd-8a43-73b9dbe64bfa-1KB,寿县,工程建设,2,4272732.25,0.6,0.94,3895816.26,4/4/2023 00:00:00,http://jy.ggj.huainan.gov.cn/jyxx/012001/012001012/012001012002/20230404/491d5d5a-5cb8-47fd-8a43-73b9dbe64bfa-1KB.html,172,公开招标,,建筑,8.819999999999993
ah-huainan-5dab4ade-f9f5-4857-89f5-fa82f76ba392-1KB,寿县,工程建设,2,5076708.64,0.4,0.95,4585283.24,6/4/2023 00:00:00,http://jy.ggj.huainan.gov.cn/jyxx/012001/012001012/012001012002/20230406/5dab4ade-f9f5-4857-89f5-fa82f76ba392-1KB.html,169,公开招标,,建筑,9.680000000000007
ah-huainan-6045b323-aeff-4367-9ac6-66a0e954d340-1KB,寿县,工程建设,0,7606568.21,0.45,0.96,6900677.76,27/3/2023 00:00:00,http://jy.ggj.huainan.gov.cn/jyxx/012001/012001012/012001012002/20230327/6045b323-aeff-4367-9ac6-66a0e954d340-1KB.html,157,公开招标,,公路,9.280000000000001
ah-huainan-67a59fa5-b557-472f-a158-b918ea2cdf14-1KB,寿县,工程建设,2,832813.58,0.6,0.96,777514.76,3/1/2023 00:00:00,http://jy.ggj.huainan.gov.cn/jyxx/012001/012001012/012001012002/20230103/67a59fa5-b557-472f-a158-b918ea2cdf14-1KB.html,148,公开招标,,建筑,6.640000000000001
ah-huainan-67db9b7f-c9b5-459c-a906-20df4f2fb9eb-1KB,寿县,工程建设,2,10893651.77,0.45,0.95,9915401.84,3/4/2023 00:00:00,http://jy.ggj.huainan.gov.cn/jyxx/012001/012001012/012001012002/20230403/67db9b7f-c9b5-459c-a906-20df4f2fb9eb-1KB.html,175,公开招标,,建筑,8.980000000000004
ah-huainan-6a5034eb-4d3c-4a19-a54c-33b487af9e0a-1KB,寿县,工程建设,2,766618.07,0.5,0.96,709712.53,3/1/2023 00:00:00,http://jy.ggj.huainan.gov.cn/jyxx/012001/012001012/012001012002/20230103/6a5034eb-4d3c-4a19-a54c-33b487af9e0a-1KB.html,146,公开招标,,建筑,7.420000000000002
ah-huainan-6b6c8bb3-e892-4e36-a2e7-c1ae655ed5c2-1KB,寿县,工程建设,2,1240333.33,0.5,0.97,1163184.59,19/12/2022 00:00:00,http://jy.ggj.huainan.gov.cn/jyxx/012001/012001012/012001012002/20221219/6b6c8bb3-e892-4e36-a2e7-c1ae655ed5c2-1KB.html,148,公开招标,,建筑,6.219999999999999
ah-huainan-6f60ac8b-d36a-424d-a9d9-7c6bcbb40799-1KB,寿县,工程建设,2,5340608.07,0.55,0.98,5027114.38,18/4/2023 00:00:00,http://jy.ggj.huainan.gov.cn/jyxx/012001/012001012/012001012002/20230418/6f60ac8b-d36a-424d-a9d9-7c6bcbb40799-1KB.html,172,公开招标,,建筑,5.8700000000000045
ah-huainan-8432654a-13d4-4005-afe8-75c9a25d874f-1KB,寿县,工程建设,2,18945816.44,0.45,0.97,17842980.47,8/11/2022 00:00:00,http://jy.ggj.huainan.gov.cn/jyxx/012001/012001012/012001012002/20221108/8432654a-13d4-4005-afe8-75c9a25d874f-1KB.html,116,公开招标,,建筑,5.819999999999993
ah-huainan-882a20dc-9e44-4694-a035-a1ff841044bd-1KB,寿县,工程建设,2,686070.1,0.4,0.96,636261.41,3/1/2023 00:00:00,http://jy.ggj.huainan.gov.cn/jyxx/012001/012001012/012001012002/20230103/882a20dc-9e44-4694-a035-a1ff841044bd-1KB.html,147,公开招标,,建筑,7.260000000000005
ah-huainan-88f1c20d-1c97-4f82-9cf1-d65e49f330dd-1KB,寿县,工程建设,2,4203417.44,0.4,0.98,3941124.19,14/6/2023 00:00:00,http://jy.ggj.huainan.gov.cn/jyxx/012001/012001012/012001012002/20230614/88f1c20d-1c97-4f82-9cf1-d65e49f330dd-1KB.html,181,公开招标,,建筑,6.239999999999995
ah-huainan-97a4769d-c383-4899-b114-22274db5873c-1KB,寿县,工程建设,2,6018484.39,0.45,0.98,5656643.24,13/6/2023 00:00:00,http://jy.ggj.huainan.gov.cn/jyxx/012001/012001012/012001012002/20230613/97a4769d-c383-4899-b114-22274db5873c-1KB.html,184,公开招标,,建筑,6.010000000000005
ah-huainan-9d36e968-136b-41ce-bb46-4e34edbf4651-1KB,寿县,工程建设,2,3602285.12,0.55,0.97,3385986.26,15/6/2023 00:00:00,http://jy.ggj.huainan.gov.cn/jyxx/012001/012001012/012001012002/20230615/9d36e968-136b-41ce-bb46-4e34edbf4651-1KB.html,181,公开招标,,建筑,6.0
ah-huainan-9dea6504-5ebb-437b-812a-10a53afefbc8-1KB,寿县,工程建设,2,4199726.6,0.6,0.94,3823431.1,25/5/2023 00:00:00,http://jy.ggj.huainan.gov.cn/jyxx/012001/012001012/012001012002/20230525/9dea6504-5ebb-437b-812a-10a53afefbc8-1KB.html,181,公开招标,,建筑,8.959999999999994
ah-huainan-a42ca66f-d97c-4c5f-abe7-e09b566dee48-1KB,寿县,工程建设,1,8093023.7,0.4,0.92,6940577.13,19/1/2023 00:00:00,http://jy.ggj.huainan.gov.cn/jyxx/012001/012001012/012001012002/20230119/a42ca66f-d97c-4c5f-abe7-e09b566dee48-1KB.html,91,公开招标,,市政,14.239999999999995
ah-huainan-b1f04b83-f8b8-40dc-b2a7-bf94b8e07f7b,寿县,工程建设,2,5344218.27,0.4,0.9,4575719.69,13/10/2021 00:00:00,http://jy.ggj.huainan.gov.cn/jyxx/012001/012001012/012001012002/20211108/b1f04b83-f8b8-40dc-b2a7-bf94b8e07f7b.html,388,公开招标,,建筑,14.379999999999995
ah-huainan-b7da44fa-2082-4558-8adf-56d389b16690,寿县,工程建设,0,6375750.82,0.5,0.92,5606252.27,24/9/2021 00:00:00,http://jy.ggj.huainan.gov.cn/jyxx/012001/012001012/012001012002/20211111/b7da44fa-2082-4558-8adf-56d389b16690.html,445,公开招标,,公路,12.069999999999993
ah-huainan-ba37d0c3-6d69-4156-ad53-37ba130af809-1KB,寿县,工程建设,2,2085149.26,0.6,0.96,1942316.54,19/6/2023 00:00:00,http://jy.ggj.huainan.gov.cn/jyxx/012001/012001012/012001012002/20230619/ba37d0c3-6d69-4156-ad53-37ba130af809-1KB.html,179,公开招标,,建筑,6.849999999999994
ah-huainan-c5cd306d-cd0b-4789-85c3-fce453d36983-1KB,寿县,工程建设,0,3665524.08,0.45,0.92,3205354.19,30/3/2023 00:00:00,http://jy.ggj.huainan.gov.cn/jyxx/012001/012001012/012001012002/20230330/c5cd306d-cd0b-4789-85c3-fce453d36983-1KB.html,141,公开招标,,公路,12.549999999999997
ah-huainan-c965e178-6709-49fc-818b-5857aa8ef596-1KB,寿县,工程建设,2,2460691.78,0.6,0.96,2298532.19,19/6/2023 00:00:00,http://jy.ggj.huainan.gov.cn/jyxx/012001/012001012/012001012002/20230619/c965e178-6709-49fc-818b-5857aa8ef596-1KB.html,179,公开招标,,建筑,6.590000000000003
ah-huainan-d2f12509-b3a4-4971-96b9-f130fbc55ad4-1KB,寿县,工程建设,1,4790226.95,0.4,0.98,4436708.21,8/10/2022 00:00:00,http://jy.ggj.huainan.gov.cn/jyxx/012001/012001012/012001012002/20221008/d2f12509-b3a4-4971-96b9-f130fbc55ad4-1KB.html,145,公开招标,,市政,7.3799999999999955
ah-huainan-d6b8ed02-df35-497a-820a-7b0c484cd8c7-1KB,寿县,工程建设,2,2473043.39,0.6,0.96,2311800.85,19/6/2023 00:00:00,http://jy.ggj.huainan.gov.cn/jyxx/012001/012001012/012001012002/20230619/d6b8ed02-df35-497a-820a-7b0c484cd8c7-1KB.html,178,公开招标,,建筑,6.519999999999996
ah-huainan-de7147b9-6711-43dc-9f3a-5dd3567174bc-1KB,寿县,工程建设,2,3761769.13,0.45,0.95,3262206.2,3/1/2023 00:00:00,http://jy.ggj.huainan.gov.cn/jyxx/012001/012001012/012001012002/20230103/de7147b9-6711-43dc-9f3a-5dd3567174bc-1KB.html,153,公开招标,,建筑,13.280000000000001
ah-huainan-e1637c92-c359-4330-a70b-4e5a62b261ea-1KB,寿县,工程建设,2,6748419.73,0.45,0.97,6251398.62,18/5/2023 00:00:00,http://jy.ggj.huainan.gov.cn/jyxx/012001/012001012/012001012002/20230518/e1637c92-c359-4330-a70b-4e5a62b261ea-1KB.html,179,公开招标,,建筑,7.359999999999999
ah-huainan-e2eb7a6f-abce-4428-bb65-ab3675c8f3dc-1KB,寿县,工程建设,2,2650399.72,0.4,0.96,2555016.25,30/12/2022 00:00:00,http://jy.ggj.huainan.gov.cn/jyxx/012001/012001012/012001012002/20221230/e2eb7a6f-abce-4428-bb65-ab3675c8f3dc-1KB.html,110,公开招标,,建筑,3.5999999999999943
ah-huainan-ef94c461-1c6b-4f56-ae4e-95212ee9d9c0-1KB,寿县,工程建设,2,9348136.8,0.45,0.95,8488108.21,20/3/2023 00:00:00,http://jy.ggj.huainan.gov.cn/jyxx/012001/012001012/012001012002/20230320/ef94c461-1c6b-4f56-ae4e-95212ee9d9c0-1KB.html,184,公开招标,,建筑,9.200000000000003
ah-huainan-f76019f6-ec98-4a93-9f23-477c075d5f69,寿县,工程建设,2,4908301.56,0.45,0.9,4230955.94,15/9/2021 00:00:00,http://jy.ggj.huainan.gov.cn/jyxx/012001/012001012/012001012002/20211104/f76019f6-ec98-4a93-9f23-477c075d5f69.html,262,公开招标,,建筑,13.799999999999997
ah-huainan-f7ffb563-9f3a-4191-b0bd-030f67e23c60-1KB,寿县,工程建设,2,3602285.12,0.55,0.97,3286238.49,15/6/2023 00:00:00,http://jy.ggj.huainan.gov.cn/jyxx/012001/012001012/012001012002/20230615/f7ffb563-9f3a-4191-b0bd-030f67e23c60-1KB.html,178,公开招标,,建筑,8.769999999999996
ah-huainan-f92bc734-3aa4-4089-a632-d6b4b4e6b418-1KB,寿县,工程建设,0,6528848.61,0.6,0.96,6022079.38,28/3/2023 00:00:00,http://jy.ggj.huainan.gov.cn/jyxx/012001/012001012/012001012002/20230328/f92bc734-3aa4-4089-a632-d6b4b4e6b418-1KB.html,148,公开招标,,公路,7.760000000000005
ah-huainan-fba515b7-ec76-4ccf-aff3-26a0710c170e,寿县,工程建设,2,5466874.67,0.45,0.98,5126288.38,27/9/2021 00:00:00,http://jy.ggj.huainan.gov.cn/jyxx/012001/012001012/012001012002/20211104/fba515b7-ec76-4ccf-aff3-26a0710c170e.html,385,公开招标,,建筑,6.230000000000004
ah-huainan-fcf6e661-8eb7-499d-b59a-ca16deca3f5c-1KB,寿县,工程建设,0,8391697.42,0.6,0.96,7773564.99,28/3/2023 00:00:00,http://jy.ggj.huainan.gov.cn/jyxx/012001/012001012/012001012002/20230328/fcf6e661-8eb7-499d-b59a-ca16deca3f5c-1KB.html,147,公开招标,,公路,7.3700000000000045
